徐炫喆,1,P
徐炫喆,2,P
徐炫喆,3,P
徐炫喆,4,P
徐炫喆,5,U
徐炫喆,6,U
徐炫喆,7,U
徐炫喆,8,U
徐炫喆,9,U
徐炫喆,10,U
徐炫喆,11,U
徐炫喆,12,N
徐炫喆,13,N
徐炫喆,14,N
徐炫喆,15,N
徐炫喆,16,N
徐炫喆,17,N
徐炫喆,18,N
徐炫喆,19,N
徐炫喆,20,N
徐炫喆,21,T
徐炫喆,22,T
徐炫喆,23,V
陳靖丰,1,V
陳靖丰,2,T
陳靖丰,3,T
陳靖丰,4,U
陳靖丰,5,U
陳靖丰,6,N
陳靖丰,7,N
陳靖丰,8,N
陳靖丰,9,N
陳靖丰,10,N
陳靖丰,11,Y
陳靖丰,12,X
陳靖丰,13,Y
陳靖丰,14,P
陳靖丰,15,V
陳靖丰,16,P
陳靖丰,17,P
陳靖丰,18,P
陳靖丰,19,P
胡迪,1,L
胡迪,2,Y
胡迪,3,Y
胡迪,4,I
胡迪,5,V
胡迪,6,V
胡迪,7,T
胡迪,8,T
胡迪,9,P
胡迪,10,P
胡迪,11,P
胡迪,12,P
張又晨,1,P
張又晨,2,X
張又晨,3,X
張又晨,4,X
張又晨,5,N
張又晨,6,L
張又晨,7,L
張又晨,8,V
張又晨,9,Y
張又晨,10,U
張又晨,11,U
張又晨,12,U
張又晨,13,U
張又晨,14,W
張又晨,15,P
張又晨,16,P
張又晨,17,P
張又晨,18,X
張又晨,19,Y
張又晨,20,Y
張又晨,21,Z
張又晨,22,Z
張又晨,23,Z
張又晨,24,Y
張又晨,25,Y
張又晨,26,N
張又晨,27,L
張又晨,28,L
張又晨,29,Y
張又晨,30,L
張又晨,31,Y
張又晨,32,P
張又晨,33,L
張又晨,34,P
張又晨,35,L
張又晨,36,L
張又晨,37,L
張又晨,38,L
張又晨,39,L
張又晨,40,L
張又晨,41,V
張又晨,42,T
曾國任,1,P
曾國任,2,P
曾國任,3,W
曾國任,4,F
曾國任,5,Z
曾國任,6,N
曾國任,7,N
曾國任,8,N
曾國任,9,N
曾國任,10,N
曾國任,11,N
曾國任,12,V
曾國任,13,T
李沂恩,1,I
李沂恩,2,V
李沂恩,3,T
李沂恩,4,X
李沂恩,5,F
李沂恩,6,Z
李沂恩,7,W
李沂恩,8,F
李沂恩,9,W
李沂恩,10,W
李沂恩,11,W
李沂恩,12,W
李沂恩,13,P
李沂恩,14,P
李沂恩,15,Z
李沂恩,16,L
李沂恩,17,L
賴嵩鈞,1,X
賴嵩鈞,2,P
賴嵩鈞,3,P
賴嵩鈞,4,P
賴嵩鈞,5,P
賴嵩鈞,6,F
賴嵩鈞,7,F
賴嵩鈞,8,V
賴嵩鈞,9,T
賴嵩鈞,10,T
陳羽婕,1,V
陳羽婕,2,V
陳羽婕,3,T
陳羽婕,4,T
賴亭羽,1,V
賴亭羽,2,T
吳泓緯,1,P
吳泓緯,2,P
吳泓緯,3,P
吳泓緯,4,V
吳泓緯,5,T
吳泓緯,6,T
鄭宇桐,1,P
鄭宇桐,2,Y
鄭宇桐,3,P
鄭宇桐,4,L
鄭宇桐,5,I
鄭宇桐,6,I
鄭宇桐,7,V
鄭宇桐,8,T
鄭宇桐,9,T
鄭宇桐,10,T
鄭宇桐,11,T
宋牧穎,1,P
宋牧穎,2,V
宋牧穎,3,T
黨弘哲,1,P
黨弘哲,2,P
黨弘哲,3,P
黨弘哲,4,P
黨弘哲,5,X
黨弘哲,6,X
黨弘哲,7,X
黨弘哲,8,P
黨弘哲,9,U
黨弘哲,10,F
黨弘哲,11,F
黨弘哲,12,W
黨弘哲,13,Z
黨弘哲,14,T
黨弘哲,15,V
黨弘哲,16,L
黨弘哲,17,L
黨弘哲,18,F
黨弘哲,19,F
黨弘哲,20,F
黨弘哲,21,F
黨弘哲,22,F
黨弘哲,23,Y
黨弘哲,24,I
黨弘哲,25,U
黨弘哲,26,T
黨弘哲,27,Z
黨弘哲,28,W
黨弘哲,29,W
黨弘哲,30,X
黨弘哲,31,P
黨弘哲,32,Z
黨弘哲,33,Z
黨弘哲,34,T
黨弘哲,35,P
黨弘哲,36,T
黨弘哲,37,P
黨弘哲,38,U
黨弘哲,39,U
黨弘哲,40,T
黨弘哲,41,Y
黨弘哲,42,T
黨弘哲,43,T
黨弘哲,44,Y
黨弘哲,45,T
黨弘哲,46,L
黨弘哲,47,W
黨弘哲,48,V
鄧明鈞,1,Y
鄧明鈞,2,Z
鄧明鈞,3,F
鄧明鈞,4,F
鄧明鈞,5,F
鄧明鈞,6,F
鄧明鈞,7,V
鄧明鈞,8,T
鄧明鈞,9,T
王廷熙,1,V
王廷熙,2,V
王廷熙,3,T
王廷熙,4,T
王廷熙,5,P
王廷熙,6,P
王廷熙,7,X
王廷熙,8,V
王廷熙,9,V
王廷熙,10,L
王廷熙,11,L
王廷熙,12,F
戴裕珉,1,P
戴裕珉,2,F
戴裕珉,3,V
戴裕珉,4,V
戴裕珉,5,T
蘇立螢,1,P
蘇立螢,2,P
蘇立螢,3,P
蘇立螢,4,V
蘇立螢,5,V
蘇立螢,6,T
蘇立螢,7,T
周言,1,I
周言,2,L
周言,3,L
周言,4,L
周言,5,L
周言,6,L
周言,7,V
周言,8,T
周言,9,T
周言,10,V
周言,11,T
周言,12,T
周言,13,I
周言,14,U
周言,15,U
周言,16,U
周言,17,U
周言,18,X
周言,19,F
周言,20,F
周言,21,F
周言,22,F
周言,23,N
周言,24,N
周言,25,P
周言,26,P
周言,27,P
周言,28,P
周言,29,W
周言,30,W
周言,31,T
周言,32,V
周言,33,Z
周言,34,Z
周言,35,Z
陳卷喁,1,P
陳卷喁,2,X
陳卷喁,3,X
陳卷喁,4,X
陳卷喁,5,V
陳卷喁,6,T
陳卷喁,7,T
陳卷喁,8,T
陳卷喁,9,T
盧冠宇,1,X
盧冠宇,2,P
盧冠宇,3,U
盧冠宇,4,F
盧冠宇,5,F
盧冠宇,6,P
盧冠宇,7,L
盧冠宇,8,Y
盧冠宇,9,X
盧冠宇,10,X
盧冠宇,11,I
盧冠宇,12,T
盧冠宇,13,T
盧冠宇,14,V
盧冠宇,15,T
盧冠宇,16,T
盧冠宇,17,V
盧冠宇,18,V
盧冠宇,19,V
盧冠宇,20,V
盧冠宇,21,V
盧冠宇,22,V
盧冠宇,23,V
