徐炫喆,1,X
徐炫喆,2,F
徐炫喆,3,U
徐炫喆,4,U
徐炫喆,5,F
徐炫喆,6,F
徐炫喆,7,F
徐炫喆,8,F
徐炫喆,9,F
徐炫喆,10,F
徐炫喆,11,F
徐炫喆,12,F
徐炫喆,13,F
徐炫喆,14,F
徐炫喆,15,F
陳靖丰,1,X
陳靖丰,2,F
陳靖丰,3,F
陳靖丰,4,F
陳靖丰,5,P
陳靖丰,6,U
陳靖丰,7,U
陳靖丰,8,T
陳靖丰,9,T
陳靖丰,10,Y
陳靖丰,11,Y
陳靖丰,12,Y
陳靖丰,13,X
陳靖丰,14,F
陳靖丰,15,F
陳靖丰,16,Z
陳靖丰,17,L
陳靖丰,18,L
陳靖丰,19,N
胡迪,1,U
胡迪,2,U
胡迪,3,Y
胡迪,4,U
胡迪,5,Y
胡迪,6,T
胡迪,7,X
胡迪,8,F
胡迪,9,V
胡迪,10,T
胡迪,11,I
胡迪,12,U
胡迪,13,I
胡迪,14,T
胡迪,15,T
胡迪,16,T
胡迪,17,I
胡迪,18,T
胡迪,19,U
胡迪,20,P
胡迪,21,P
胡迪,22,P
胡迪,23,P
胡迪,24,P
胡迪,25,X
胡迪,26,F
胡迪,27,L
張又晨,1,N
張又晨,2,P
張又晨,3,P
張又晨,4,P
張又晨,5,X
張又晨,6,F
張又晨,7,F
張又晨,8,F
張又晨,9,F
曾國任,1,I
曾國任,2,I
曾國任,3,U
曾國任,4,U
曾國任,5,U
曾國任,6,U
曾國任,7,P
曾國任,8,P
曾國任,9,P
曾國任,10,X
曾國任,11,F
曾國任,12,W
曾國任,13,X
曾國任,14,X
曾國任,15,W
曾國任,16,W
曾國任,17,X
曾國任,18,F
曾國任,19,F
曾國任,20,X
曾國任,21,W
曾國任,22,Y
曾國任,23,Y
曾國任,24,V
曾國任,25,F
曾國任,26,F
曾國任,27,F
曾國任,28,F
曾國任,29,F
曾國任,30,F
曾國任,31,F
曾國任,32,F
曾國任,33,F
李沂恩,1,X
李沂恩,2,F
李沂恩,3,F
李沂恩,4,T
李沂恩,5,L
李沂恩,6,W
李沂恩,7,T
李沂恩,8,W
李沂恩,9,T
李沂恩,10,V
李沂恩,11,F
李沂恩,12,F
李沂恩,13,F
李沂恩,14,F
李沂恩,15,F
李沂恩,16,F
李沂恩,17,F
李沂恩,18,X
賴嵩鈞,1,X
賴嵩鈞,2,U
賴嵩鈞,3,U
賴嵩鈞,4,N
賴嵩鈞,5,W
賴嵩鈞,6,W
賴嵩鈞,7,I
賴嵩鈞,8,I
賴嵩鈞,9,I
賴嵩鈞,10,W
賴嵩鈞,11,N
賴嵩鈞,12,W
賴嵩鈞,13,F
賴嵩鈞,14,F
賴嵩鈞,15,F
賴嵩鈞,16,F
賴嵩鈞,17,X
陳羽婕,1,X
陳羽婕,2,F
賴亭羽,1,X
賴亭羽,2,F
賴亭羽,3,F
賴亭羽,4,F
賴亭羽,5,F
賴亭羽,6,V
賴亭羽,7,Y
賴亭羽,8,Y
賴亭羽,9,Y
賴亭羽,10,N
賴亭羽,11,N
賴亭羽,12,L
賴亭羽,13,U
賴亭羽,14,U
賴亭羽,15,U
賴亭羽,16,U
賴亭羽,17,N
賴亭羽,18,Z
賴亭羽,19,T
賴亭羽,20,T
賴亭羽,21,I
賴亭羽,22,T
賴亭羽,23,T
賴亭羽,24,T
賴亭羽,25,T
吳泓緯,1,X
吳泓緯,2,F
鄭宇桐,1,T
鄭宇桐,2,I
鄭宇桐,3,I
鄭宇桐,4,X
鄭宇桐,5,F
鄭宇桐,6,F
鄭宇桐,7,F
鄭宇桐,8,F
宋牧穎,1,X
宋牧穎,2,X
宋牧穎,3,F
宋牧穎,4,F
宋牧穎,5,U
宋牧穎,6,U
宋牧穎,7,Y
宋牧穎,8,Y
宋牧穎,9,W
宋牧穎,10,W
宋牧穎,11,W
宋牧穎,12,W
宋牧穎,13,P
宋牧穎,14,P
宋牧穎,15,P
宋牧穎,16,X
宋牧穎,17,F
宋牧穎,18,F
黨弘哲,1,X
黨弘哲,2,F
黨弘哲,3,T
黨弘哲,4,F
黨弘哲,5,V
黨弘哲,6,N
黨弘哲,7,N
黨弘哲,8,T
黨弘哲,9,Z
黨弘哲,10,Z
黨弘哲,11,Z
黨弘哲,12,I
黨弘哲,13,I
黨弘哲,14,W
黨弘哲,15,W
黨弘哲,16,W
黨弘哲,17,T
黨弘哲,18,F
黨弘哲,19,F
黨弘哲,20,X
鄧明鈞,1,X
鄧明鈞,2,F
鄧明鈞,3,F
王廷熙,1,X
王廷熙,2,F
王廷熙,3,P
王廷熙,4,N
王廷熙,5,N
王廷熙,6,L
戴裕珉,1,X
戴裕珉,2,F
戴裕珉,3,F
蘇立螢,1,V
蘇立螢,2,X
蘇立螢,3,F
蘇立螢,4,F
蘇立螢,5,F
周言,1,N
周言,2,X
周言,3,F
周言,4,F
周言,5,F
周言,6,F
周言,7,I
周言,8,I
周言,9,W
周言,10,W
周言,11,W
周言,12,W
周言,13,W
周言,14,W
周言,15,F
周言,16,F
周言,17,F
周言,18,F
周言,19,F
周言,20,X
周言,21,T
周言,22,T
周言,23,T
周言,24,N
周言,25,L
周言,26,L
周言,27,L
周言,28,Z
陳卷喁,1,P
陳卷喁,2,X
陳卷喁,3,X
陳卷喁,4,P
陳卷喁,5,P
陳卷喁,6,P
陳卷喁,7,X
陳卷喁,8,F
陳卷喁,9,F
陳卷喁,10,X
陳卷喁,11,F
陳卷喁,12,F
陳卷喁,13,F
盧冠宇,1,P
盧冠宇,2,P
盧冠宇,3,X
盧冠宇,4,F
盧冠宇,5,F
盧冠宇,6,X
盧冠宇,7,F
盧冠宇,8,U
盧冠宇,9,P
盧冠宇,10,P
盧冠宇,11,P
盧冠宇,12,L
盧冠宇,13,X
盧冠宇,14,F
盧冠宇,15,V
盧冠宇,16,X
盧冠宇,17,F
盧冠宇,18,F
盧冠宇,19,F
